EmpID,First Name,Last Name,Birthday,Address,Phone Number,Status,Position,Immediate Supervisor
10002,Christian,Mata,21-Oct-87,90 O'Keefe Spur Apt. 379 Catigbian 2772 Sulu ,783-776-744,Regular,Account Team Leader,Romualdez Fredrick 
10003,Brad Ii,San Jose,15-Mar-96,99 Strosin Hills Poblacion Bislig 5340 Tawi-tawi,797-009-261,Regular,HR Team Leader,Villanueva Andrea Mae
10004,Anthony,Salcedo,14-Sep-93,93/54 Shanahan Alley Apt. 183 Santo Tomas 1572 Masbate,070-766-300,Regular,Payroll Manager,Alvaro Roderick
10005,Alicesss,Romualdez,14-May-92,12A/33 Upton Isle Apt. 420 Roxas City 1814 Surigao del Norte,983-606-799,Regular,HR Rank and File,Villanueva Andrea Mae
10006,Rosie ,Atienza,24-Sep-48,90A Dibbert Terrace Apt. 190 San Lorenzo 6056 Davao del Norte,266-036-427,Regular,HR Rank and File,Villanueva Andrea Mae
10007,Martha,Farala,11-Jan-42,42/25 Sawayn Stream Ubay 1208 Zamboanga del Norte ,329-034-366,Regular,Payroll Rank and File,Salcedo Anthony
10008,Leila,Martinez,11-Jul-70,37/46 Kulas Roads Maragondon 0962 Quirino ,877-110-749,Regular,Payroll Rank and File,Salcedo Anthony
10009,Allison ,San Jose,24-Jun-86,08 Grant Drive Suite 406 Poblacion Iloilo City 9186 La Union,179-075-129,Regular,Account Rank and File,Mata Christian
10010,Cydney ,Rosario,06-Oct-96,93A/21 Berge Points Tapaz 2180 Quezon,868-819-912,Regular,Account Rank and File,Mata Christian
10011,Josie,Lopez,14-Jan-87,49 Springs Apt. 266 Poblacion Taguig 3200 Occidental Mindoro,478-355-427,Regular,Payroll Team Leader,Salcedo Anthony
10012,Selena ,De Leon,20-Feb-75,89A Armstrong Trace Compostela 7874 Maguindanao,975-432-139,Regular,Account Team Leader,Romualdez Fredrick 
10013,Fredrick ,Romualdez,10-Mar-85,22A/52 Lubowitz Meadows Pililla 4895 Zambales,023-079-009,Regular,Account Manager,Lim Antonio
10014,Mark ,Bautista,12-Feb-91,65 Murphy Center Suite 094 Poblacion Palayan 5636 Quirino,683-725-348,Regular,Account Rank and File,Mata Christian
10015,Darlene ,Lazaro,25-Nov-85,47A/94 Larkin Plaza Apt. 179 Poblacion Caloocan 2751 Quirino,740-721-558,Probationary,Account Rank and File,Mata Christian
10016,Kolby ,Delos Santos,26-Feb-80,06A Gulgowski Extensions Bongabon 6085 Zamboanga del Sur,739-443-033,Probationary,Account Rank and File,Mata Christian
10017,Vella ,Santos,31-Dec-83,99A Padberg Spring Poblacion Mabalacat 3959 Lanao del Sur,955-879-269,Probationary,Account Rank and File,Mata Christian
10018,Tomas,Del Rosario,18-Dec-78,80A/48 Ledner Ridges Poblacion Kabankalan 8870 Marinduque,882-550-989,Probationary,Account Rank and File,Mata Christian
10019,Jacklyn ,Tolentino,19-May-84,96/48 Watsica Flats Suite 734 Poblacion Malolos 1844 Ifugao,675-757-366,Probationary,Account Rank and File,De Leon Selena
10020,Percival ,Gutierrez,18-Dec-70,58A Wilderman Walks Poblacion Digos 5822 Davao del Sur,512-899-876,Probationary,Account Rank and File,De Leon Selena
10021,Garfield ,Manalaysay,28-Aug-86,60 Goyette Valley Suite 219 Poblacion Tabuk 3159 Lanao del Sur,948-628-136,Probationary,Account Rank and File,De Leon Selena
10022,Lizeth ,Villegas,12-Dec-81,66/77 Mann Views Luisiana 1263 Dinagat Islands,332-372-215,Probationary,Account Rank and File,De Leon Selena
10023,Carol ,Ramos,20-Aug-78,72/70 Stamm Spurs Bustos 4550 Iloilo,250-700-389,Probationary,Account Rank and File,De Leon Selena
10024,Emelia ,Maceda,14-Apr-73,50A/83 Bahringer Oval Suite 145 Kiamba 7688 Nueva Ecija,973-358-041,Probationary,Account Rank and File,De Leon Selena
10025,Delia ,Aguilar,27-Jan-89,95 Cremin Junction Surallah 2809 Cotabato,529-705-439,Probationary,Account Rank and File,De Leon Selena
10026,Manuel III,Garcia,11-Oct-83,Valero Carpark Building Valero Street 1227 Makati City,966-860-270,Regular,Chief Executive Officer,N/A
10027,Antonio,Lim,19-Jun-88,San Antonio De Padua 2 Block 1 Lot 8 and 2 Dasmarinas Cavite,171-867-411,Regular,Chief Operating Officer,Garcia Manuel III
10028,Bianca Sofia,Aquino,04-Aug-89,Rm. 402 4/F Jiao Building Timog Avenue Cor. Quezon Avenue 1100 Quezon City,966-889-370,Regular,Chief Finance Officer,Garcia Manuel III
10029,Isabella,Reyes,16-Jun-94,460 Solanda Street Intramuros 1000 Manila,786-868-477,Regular,Chief Marketing Officer,Garcia Manuel III
10030,Eduard,Hernandez,23-Sep-89,National Highway Gingoog  Misamis Occidental,088-861-012,Regular,IT Operations and Systems,Lim Antonio
10031,Andrea Mae,Villanueva,14-Feb-88,17/85 Stracke Via Suite 042 Poblacion Las Piñas 4783 Dinagat Islands ,918-621-603,Regular,HR Manager,Lim Antonio
10032,Roderick,Alvaro,30-Mar-88,#284 T. Morato corner Scout Rallos Street Quezon City,053-381-386,Regular,Accounting Head,Aquino Bianca Sofia 
10033,John Rafael,Castro,09-Feb-92,Hi-way Yati Liloan Cebu,332-424-955 ,Regular,Sales & Marketing,Reyes Isabella
10034,Carlos Ian,Martinez,16-Nov-90,Bulala Camalaniugan,078-854-208,Regular,Supply Chain and Logistics,Reyes Isabella
10035,Beatriz,Santos,07-Aug-90,Agapita Building Metro Manila,526-639-511,Regular,Customer Service and Relations,Reyes Isabella
10040,Joyce Test,Ferrer,23-Oct-89,Test Bacoor Cavite,100,Regular,Account Team Leader,Mata Christian
10055,Testtest,Testtest,10-May-22,Testtest,09177777777,Probation,Account Team Leader,Villanueva Andrea Mae,Account Team Leader,Romualdez Fredrick
10055,Test,Test,10-May-22,Test,09177777777,Probation,Account Team Leader,Villanueva Andrea Mae
